scenario,croissance,efficacite,cible,source,valeur
optimiste,moyen,faible,Électricité,Hydro,550
optimiste,moyen,faible,Électricité,Solaire,80
optimiste,moyen,faible,Électricité,Éolien,120
optimiste,moyen,faible,Électricité,Thermique,30
optimiste,moyen,faible,Électricité,Nucléaire,40
optimiste,moyen,moyen,Électricité,Hydro,550
optimiste,moyen,moyen,Électricité,Solaire,80
optimiste,moyen,moyen,Électricité,Éolien,120
optimiste,moyen,moyen,Électricité,Thermique,30
optimiste,moyen,moyen,Électricité,Nucléaire,40
optimiste,moyen,elevee,Électricité,Hydro,550
optimiste,moyen,elevee,Électricité,Solaire,80
optimiste,moyen,elevee,Électricité,Éolien,120
optimiste,moyen,elevee,Électricité,Thermique,30
optimiste,moyen,elevee,Électricité,Nucléaire,40
optimiste,faible,faible,Électricité,Hydro,550
optimiste,faible,faible,Électricité,Solaire,80
optimiste,faible,faible,Électricité,Éolien,120
optimiste,faible,faible,Électricité,Thermique,30
optimiste,faible,faible,Électricité,Nucléaire,40
optimiste,faible,moyen,Électricité,Hydro,550
optimiste,faible,moyen,Électricité,Solaire,80
optimiste,faible,moyen,Électricité,Éolien,120
optimiste,faible,moyen,Électricité,Thermique,30
optimiste,faible,moyen,Électricité,Nucléaire,40
optimiste,faible,elevee,Électricité,Hydro,550
optimiste,faible,elevee,Électricité,Solaire,80
optimiste,faible,elevee,Électricité,Éolien,120
optimiste,faible,elevee,Électricité,Thermique,30
optimiste,faible,elevee,Électricité,Nucléaire,40
optimiste,elevee,faible,Électricité,Hydro,550
optimiste,elevee,faible,Électricité,Solaire,80
optimiste,elevee,faible,Électricité,Éolien,120
optimiste,elevee,faible,Électricité,Thermique,30
optimiste,elevee,faible,Électricité,Nucléaire,40
optimiste,elevee,moyen,Électricité,Hydro,550
optimiste,elevee,moyen,Électricité,Solaire,80
optimiste,elevee,moyen,Électricité,Éolien,120
optimiste,elevee,moyen,Électricité,Thermique,30
optimiste,elevee,moyen,Électricité,Nucléaire,40
optimiste,elevee,elevee,Électricité,Hydro,550
optimiste,elevee,elevee,Électricité,Solaire,80
optimiste,elevee,elevee,Électricité,Éolien,120
optimiste,elevee,elevee,Électricité,Thermique,30
optimiste,elevee,elevee,Électricité,Nucléaire,40
neutre,moyen,faible,Électricité,Hydro,550
neutre,moyen,faible,Électricité,Solaire,80
neutre,moyen,faible,Électricité,Éolien,120
neutre,moyen,faible,Électricité,Thermique,30
neutre,moyen,faible,Électricité,Nucléaire,40
neutre,moyen,moyen,Électricité,Hydro,550
neutre,moyen,moyen,Électricité,Solaire,80
neutre,moyen,moyen,Électricité,Éolien,120
neutre,moyen,moyen,Électricité,Thermique,30
neutre,moyen,moyen,Électricité,Nucléaire,40
neutre,moyen,elevee,Électricité,Hydro,550
neutre,moyen,elevee,Électricité,Solaire,80
neutre,moyen,elevee,Électricité,Éolien,120
neutre,moyen,elevee,Électricité,Thermique,30
neutre,moyen,elevee,Électricité,Nucléaire,40
neutre,faible,faible,Électricité,Hydro,550
neutre,faible,faible,Électricité,Solaire,80
neutre,faible,faible,Électricité,Éolien,120
neutre,faible,faible,Électricité,Thermique,30
neutre,faible,faible,Électricité,Nucléaire,40
neutre,faible,moyen,Électricité,Hydro,550
neutre,faible,moyen,Électricité,Solaire,80
neutre,faible,moyen,Électricité,Éolien,120
neutre,faible,moyen,Électricité,Thermique,30
neutre,faible,moyen,Électricité,Nucléaire,40
neutre,faible,elevee,Électricité,Hydro,550
neutre,faible,elevee,Électricité,Solaire,80
neutre,faible,elevee,Électricité,Éolien,120
neutre,faible,elevee,Électricité,Thermique,30
neutre,faible,elevee,Électricité,Nucléaire,40
neutre,elevee,faible,Électricité,Hydro,550
neutre,elevee,faible,Électricité,Solaire,80
neutre,elevee,faible,Électricité,Éolien,120
neutre,elevee,faible,Électricité,Thermique,30
neutre,elevee,faible,Électricité,Nucléaire,40
neutre,elevee,moyen,Électricité,Hydro,550
neutre,elevee,moyen,Électricité,Solaire,80
neutre,elevee,moyen,Électricité,Éolien,120
neutre,elevee,moyen,Électricité,Thermique,30
neutre,elevee,moyen,Électricité,Nucléaire,40
neutre,elevee,elevee,Électricité,Hydro,550
neutre,elevee,elevee,Électricité,Solaire,80
neutre,elevee,elevee,Électricité,Éolien,120
neutre,elevee,elevee,Électricité,Thermique,30
neutre,elevee,elevee,Électricité,Nucléaire,40
pessimiste,moyen,faible,Électricité,Hydro,550
pessimiste,moyen,faible,Électricité,Solaire,80
pessimiste,moyen,faible,Électricité,Éolien,120
pessimiste,moyen,faible,Électricité,Thermique,30
pessimiste,moyen,faible,Électricité,Nucléaire,40
pessimiste,moyen,moyen,Électricité,Hydro,550
pessimiste,moyen,moyen,Électricité,Solaire,80
pessimiste,moyen,moyen,Électricité,Éolien,120
pessimiste,moyen,moyen,Électricité,Thermique,30
pessimiste,moyen,moyen,Électricité,Nucléaire,40
pessimiste,moyen,elevee,Électricité,Hydro,550
pessimiste,moyen,elevee,Électricité,Solaire,80
pessimiste,moyen,elevee,Électricité,Éolien,120
pessimiste,moyen,elevee,Électricité,Thermique,30
pessimiste,moyen,elevee,Électricité,Nucléaire,40
pessimiste,faible,faible,Électricité,Hydro,550
pessimiste,faible,faible,Électricité,Solaire,80
pessimiste,faible,faible,Électricité,Éolien,120
pessimiste,faible,faible,Électricité,Thermique,30
pessimiste,faible,faible,Électricité,Nucléaire,40
pessimiste,faible,moyen,Électricité,Hydro,550
pessimiste,faible,moyen,Électricité,Solaire,80
pessimiste,faible,moyen,Électricité,Éolien,120
pessimiste,faible,moyen,Électricité,Thermique,30
pessimiste,faible,moyen,Électricité,Nucléaire,40
pessimiste,faible,elevee,Électricité,Hydro,550
pessimiste,faible,elevee,Électricité,Solaire,80
pessimiste,faible,elevee,Électricité,Éolien,120
pessimiste,faible,elevee,Électricité,Thermique,30
pessimiste,faible,elevee,Électricité,Nucléaire,40
pessimiste,elevee,faible,Électricité,Hydro,550
pessimiste,elevee,faible,Électricité,Solaire,80
pessimiste,elevee,faible,Électricité,Éolien,120
pessimiste,elevee,faible,Électricité,Thermique,30
pessimiste,elevee,faible,Électricité,Nucléaire,40
pessimiste,elevee,moyen,Électricité,Hydro,550
pessimiste,elevee,moyen,Électricité,Solaire,80
pessimiste,elevee,moyen,Électricité,Éolien,120
pessimiste,elevee,moyen,Électricité,Thermique,30
pessimiste,elevee,moyen,Électricité,Nucléaire,40
pessimiste,elevee,elevee,Électricité,Hydro,550
pessimiste,elevee,elevee,Électricité,Solaire,80
pessimiste,elevee,elevee,Électricité,Éolien,120
pessimiste,elevee,elevee,Électricité,Thermique,30
pessimiste,elevee,elevee,Électricité,Nucléaire,40