name,bus0,bus1,type,length,capital_cost,s_nom
L0001,High Falls,Masson-Nord,120kV_line,30.78,30780.0,10000
L0002,Paugan,Maniwaki,120kV_line,68.4,68400.0,20000
L0003,Interconnexion-Maclaren,Buckingham,120kV_line,4.4,4400.0,10000
L0004,Buckingham,FPS Canada Inc,120kV_line,11.4,11400.0,20000
L0005,Templeton,Interconnexion-Maclaren,120kV_line,13.75,13750.0,10000
L0006,Erco Mondial Buckingham,Interconnexion-Maclaren,120kV_line,18.15,18150.0,20000
L0007,Thurso-Papineau,Petite-Nation,120kV_line,17.1,17100.0,10000
L0008,FPS Canada Inc,Thurso-Papineau,120kV_line,1.14,1140.0,20000
L0009,Gatineau,Bowater Gatineau,120kV_line,0.55,550.0,10000
L0010,Touraine,Gatineau,120kV_line,3.85,3850.0,20000
L0011,Gatineau,Templeton,120kV_line,6.05,6050.0,10000
L0012,Touraine,Bowater Gatineau,120kV_line,4.4,4400.0,20000
L0013,Rapides-Farmers,Limbour,120kV_line,0.22,220.0,10000
L0014,Chelsea,Rapides-Farmers,120kV_line,1.65,1650.0,20000
L0015,Limbour,Touraine,120kV_line,4.95,4950.0,10000
L0016,Rapides-Farmers,Wakefield,120kV_line,22.8,22800.0,20000
L0017,Wakefield,Paugan,120kV_line,11.4,11400.0,10000
L0018,Lucerne,Gamelin,120kV_line,3.3,3300.0,20000
L0019,Cadieux,Bryson,120kV_line,2.28,2280.0,10000
L0020,Petite-Nation,Calumet,120kV_line,28.5,28500.0,20000
L0021,Mont-Laurier,Lac-des-ÃƒÅ½les,120kV_line,17.1,17100.0,10000
L0022,Lucerne,Quyon,120kV_line,28.5,28500.0,20000
L0023,Rapides-Farmers,Chelsea,120kV_line,1.65,1650.0,10000
L0024,Glenwood,Lucerne,120kV_line,7.7,7700.0,20000
L0025,Val-TÃƒÂ©treau,Hull-2,120kV_line,1.65,1650.0,10000
L0026,Dorion,Coteau-du-Lac,120kV_line,14.4,14400.0,20000
L0027,Vaudreuil-Soulanges,Dorion,120kV_line,18.375,18375.0,10000
L0028,Calumet,Lachute,120kV_line,22.8,22800.0,20000
L0029,SGL Canada,Lafontaine,120kV_line,28.875,28875.0,10000
L0030,Lachute,SGL Canada,120kV_line,7.875,7875.0,20000
L0031,Paquin,Achigan,120kV_line,21.0,21000.0,10000
L0032,Lafontaine,Paquin,120kV_line,18.375,18375.0,20000
L0033,Achigan,Saint-Lin,120kV_line,21.0,21000.0,10000
L0034,Lafontaine,Lachute,120kV_line,26.25,26250.0,20000
L0035,Paquin,Arthur-Buies,120kV_line,5.25,5250.0,10000
L0036,Saint-JÃƒÂ©rÃƒÂ´me,Cascades Groupe Papiers,120kV_line,2.625,2625.0,20000
L0037,Rolland,Lafontaine,120kV_line,7.875,7875.0,10000
L0038,Cascades Groupe Papiers,Rolland,120kV_line,1.05,1050.0,20000
L0039,Arthur-Buies,Saint-JÃƒÂ©rÃƒÂ´me,120kV_line,2.625,2625.0,10000
L0040,Notre-Dame-du-Laus,High Falls,120kV_line,28.5,28500.0,20000
L0041,Contrecoeur,Sorel,120kV_line,26.25,26250.0,10000
L0042,Notre-Dame-du-Laus,Lac-des-ÃƒÅ½les,120kV_line,39.9,39900.0,20000
L0043,Paquin,Lafontaine,120kV_line,18.375,18375.0,10000
L0044,Doc-Grignon,Paquin,120kV_line,15.75,15750.0,20000
L0045,Bryson,Emballages Smurfit-Stone,120kV_line,5.7,5700.0,10000
L0046,Les CÃƒÂ¨dres,Dorion,120kV_line,7.0,7000.0,20000
L0047,Lachute,Rigaud,120kV_line,18.375,18375.0,10000
L0048,Saint-Polycarpe,Rigaud,120kV_line,18.375,18375.0,20000
L0049,Duvernay,Landry,120kV_line,7.98,7980.0,10000
L0050,Duvernay,Saint-FranÃƒÂ§ois,120kV_line,3.192,3192.0,20000
L0051,Saint-FranÃƒÂ§ois,Terrebonne,120kV_line,8.778,8778.0,10000
L0052,Sainte-Rose,Renaud,120kV_line,7.98,7980.0,20000
L0053,Duvernay,Sainte-Rose,120kV_line,7.98,7980.0,10000
L0054,Chute-Hemmings,Sainte-PerpÃƒÂ©tue,120kV_line,23.625,23625.0,20000
L0055,Moras,BÃƒÂ©cancour,120kV_line,28.875,28875.0,10000
L0056,Sainte-PerpÃƒÂ©tue,Moras,120kV_line,34.125,34125.0,20000
L0057,Chute-Hemmings,Asbestos,120kV_line,44.625,44625.0,10000
L0058,Grand-PrÃƒÂ©,Charette,120kV_line,26.25,26250.0,20000
L0059,Shawinigan-3,Leman,120kV_line,1.0,1000.0,10000
L0060,Leman,Shawinigan-2,120kV_line,1.0,1000.0,20000
L0061,Charette,Shawinigan-3,120kV_line,15.75,15750.0,10000
L0062,Quyon,Paugan,120kV_line,34.2,34200.0,20000
L0063,Sorel,Forges-de-Sorel,120kV_line,1.35,1350.0,10000
L0064,Forges-de-Sorel,GEC-Alstom-Fagan,120kV_line,0.45,450.0,20000
L0065,Leman,Almaville,120kV_line,2.5,2500.0,10000
L0066,Marcotte,Chute-Hemmings,120kV_line,1.05,1050.0,20000
L0067,Chute-Hemmings,Yamaska,120kV_line,39.375,39375.0,10000
L0068,Sorel-Sud,Yamaska,120kV_line,21.0,21000.0,20000
L0069,Trois-RiviÃƒÂ¨res,Kruger Inc Trois-RiviÃƒÂ¨res,120kV_line,7.0,7000.0,10000
L0070,Sainte-Rose,Boulevard-Labelle,120kV_line,7.98,7980.0,20000
L0071,Kingsey,Arthabaska,120kV_line,23.625,23625.0,10000
L0072,Arthabaska,Bois-Francs,120kV_line,13.125,13125.0,20000
L0073,Rosiers,Kingsey,120kV_line,1.05,1050.0,10000
L0074,Chambly,Saint-CÃƒÂ©saire,120kV_line,26.25,26250.0,20000
L0075,Varennes,IREQ,120kV_line,10.5,10500.0,10000
L0076,Institute-de-Recherche,Pierre Boucher,120kV_line,5.25,5250.0,20000
L0077,Praxair Canada Contrecoeur,Argonal Inc,120kV_line,1.05,1050.0,10000
L0078,Argonal Inc,Contrecoeur,120kV_line,5.25,5250.0,20000
L0079,Varennes,Praxair Canada Contrecoeur,120kV_line,18.375,18375.0,10000
L0080,Basell Canada Inc,Varennes,120kV_line,1.05,1050.0,20000
L0081,Aqueduc,Hadley,120kV_line,3.192,3192.0,10000
L0082,Lambton,Saint-Ãƒâ€°variste,120kV_line,18.375,18375.0,20000
L0083,MÃƒÂ©gantic,Lambton,120kV_line,42.0,42000.0,10000
L0084,Weedon,MÃƒÂ©gantic,120kV_line,57.75,57750.0,20000
L0085,Cleveland,Cowansville,120kV_line,18.375,18375.0,10000
L0086,Domtar Windsor,Des Cantons,120kV_line,1.05,1050.0,20000
L0087,Windsor,Domtar Windsor,120kV_line,1.05,1050.0,10000
L0088,Bromptonville,Kruger Inc Bromptonville,120kV_line,5.25,5250.0,20000
L0089,Kruger Inc Bromptonville,Windsor,120kV_line,13.125,13125.0,10000
L0090,Wyman,Cadieux,120kV_line,22.8,22800.0,20000
L0091,Sherbrooke,Bromptonville,120kV_line,10.0,10000.0,10000
L0092,Bromptonville,Cascades Canada East Angus,120kV_line,31.5,31500.0,20000
L0093,Ville de Sherbrooke Orford,Sherbrooke,120kV_line,3.2,3200.0,10000
L0094,Rockfield,Aqueduc,120kV_line,3.99,3990.0,20000
L0095,Hampstead,Rockfield,120kV_line,3.99,3990.0,10000
L0096,Duvernay,Mascouche,120kV_line,10.5,10500.0,20000
L0097,Mascouche,Pierre-Le Gardeur,120kV_line,5.25,5250.0,10000
L0098,Mascouche,Terrebonne,120kV_line,5.25,5250.0,20000
L0099,Sainte-Rosalie,Casavant,120kV_line,7.875,7875.0,10000
L0100,Saint-CÃƒÂ©saire,MontÃƒÂ©rÃƒÂ©gie,120kV_line,28.875,28875.0,20000
L0101,MontÃƒÂ©rÃƒÂ©gie,Sainte-Rosalie,120kV_line,21.0,21000.0,10000
L0102,Heriot,Grantham,120kV_line,7.875,7875.0,20000
L0103,Marcotte,Heriot,120kV_line,3.675,3675.0,10000
L0104,Bromptonville,East Angus,120kV_line,26.25,26250.0,20000
L0105,East Angus,Weedon,120kV_line,39.375,39375.0,10000
L0106,LAcadie,Chambly,120kV_line,13.125,13125.0,20000
L0107,Granby,Cleveland,120kV_line,7.875,7875.0,10000
L0108,Saint-CÃƒÂ©saire,Granby,120kV_line,18.375,18375.0,20000
L0109,Ville de Sherbrooke Saint-FranÃƒÂ§ois,Ville de Sherbrooke Galt,120kV_line,3.2,3200.0,10000
L0110,Ville de Sherbrooke Galt,Ville de Sherbrooke Orford,120kV_line,4.8,4800.0,20000
L0111,Ville de Sherbrooke Galt,Sherbrooke,120kV_line,6.4,6400.0,10000
L0112,Stukely,Waterloo,120kV_line,15.75,15750.0,20000
L0113,La Prairie,Richelieu,120kV_line,18.375,18375.0,10000
L0114,Viger,AdÃƒÂ©lard-Godbout,120kV_line,1.596,1596.0,20000
L0115,AdÃƒÂ©lard-Godbout,Central-2,120kV_line,0.399,399.0,10000
L0116,Brossard,Viger,120kV_line,7.875,7875.0,20000
L0117,Atwater,Maissonneuve,120kV_line,1.596,1596.0,10000
L0118,Rigaud,Vaudreuil-Soulanges,120kV_line,18.375,18375.0,20000
L0119,Mine Jeffrey,Asbestos,120kV_line,1.575,1575.0,10000
L0120,Asbestos,Rosiers,120kV_line,10.5,10500.0,20000
L0121,Ville de Joliette,Joliette,120kV_line,0.2,200.0,10000
L0122,Joliette,Ramezay,120kV_line,15.75,15750.0,20000
L0123,Aqueduc,Atwater,120kV_line,6.384,6384.0,10000
L0124,Royalmount,Hampstead,120kV_line,1.2,1200.0,20000
L0125,Laurent,Royalmount,120kV_line,2.0,2000.0,10000
L0126,Mercier,La Prairie,120kV_line,21.0,21000.0,20000
L0127,LÃƒÂ©ry,Mercier,120kV_line,15.75,15750.0,10000
L0128,Saint-RÃƒÂ©mi,Delson,120kV_line,21.0,21000.0,20000
L0129,Mercier,Saint-RÃƒÂ©mi,120kV_line,15.75,15750.0,10000
L0130,La Prairie,Chambly,120kV_line,13.125,13125.0,20000
L0131,Chambly,Saint-Basile,120kV_line,15.75,15750.0,10000
L0132,Saint-Maxime,Marie-Victorin,120kV_line,3.591,3591.0,20000
L0133,Guy,Maissonneuve,120kV_line,1.596,1596.0,10000
L0134,Ormstown,Huntingdon,120kV_line,21.0,21000.0,20000
L0135,ChÃƒÂ¢teauguay,Ormstown,120kV_line,21.0,21000.0,10000
L0136,Berri,De Lorimier,120kV_line,2.394,2394.0,20000
L0137,MontrÃƒÂ©al-Est,Interquisa,120kV_line,3.99,3990.0,10000
L0138,Falconbridge LimitÃƒÂ©e MontrÃƒÂ©al-Est,MontrÃƒÂ©al-Est,120kV_line,3.99,3990.0,20000
L0139,Delson,La Prairie,120kV_line,13.125,13125.0,10000
L0140,MontrÃƒÂ©al-Est,Henri-Bourassa,120kV_line,3.99,3990.0,20000
L0141,Bout-de-lÃƒÅ½le,MontrÃƒÂ©al-Est,120kV_line,7.98,7980.0,10000
L0142,Bout-de-lÃƒÅ½le,Henri-Bourassa,120kV_line,3.99,3990.0,20000
L0143,Saraguay,Laurent,120kV_line,6.384,6384.0,10000
L0144,Laurent,Mont-Royal,120kV_line,4.788,4788.0,20000
L0145,Berri,Dorchester,120kV_line,1.197,1197.0,10000
L0146,Royalmount,Mont-Royal,120kV_line,4.788,4788.0,20000
L0147,Hampstead,Royalmount,120kV_line,1.2,1200.0,10000
L0148,Mont-Royal,Saraguay,120kV_line,6.384,6384.0,20000
L0149,Saraguay,Reed,120kV_line,3.99,3990.0,10000
L0150,Reed,Fleury,120kV_line,4.788,4788.0,20000
L0151,Saint-RÃƒÂ©mi,Napierville,120kV_line,23.625,23625.0,10000
L0152,Hadley,Atwater,120kV_line,3.2,3200.0,20000
L0153,Langlois,Eka Chimie Canada Inc,120kV_line,8.0,8000.0,10000
L0154,Eka Chimie Canada Inc,Larocque,120kV_line,1.0,1000.0,20000
L0155,Longue-Pointe,Notre-Dame,120kV_line,1.596,1596.0,10000
L0156,Berri,Jeanne-dArc,120kV_line,4.8,4800.0,20000
L0157,Jeanne-dArc,Notre-Dame,120kV_line,4.788,4788.0,10000
L0158,Saint-Jean,Salaberry,120kV_line,7.182,7182.0,20000
L0159,Salaberry,Saraguay,120kV_line,0.798,798.0,10000
L0160,Baie dUrfÃƒÂ©,Saint-Jean,120kV_line,10.374,10374.0,20000
L0161,LÃƒÅ½le-Perrot,Beauharnois-Est,120kV_line,31.92,31920.0,10000
L0162,Baie dUrfÃƒÂ©,Beauharnois-Est,120kV_line,31.92,31920.0,20000
L0163,Les CÃƒÂ¨dres,Beauharnois-Ouest,120kV_line,10.0,10000.0,10000
L0164,Langlois,Monseigneur-Ãƒâ€°mard,120kV_line,8.0,8000.0,20000
L0165,Les CÃƒÂ¨dres,Langlois,120kV_line,2.5,2500.0,10000
L0166,Larocque,La SociÃƒÂ©tÃƒÂ© en commandite revenu Noranda,120kV_line,0.5,500.0,20000
L0167,Valleyfield,Larocque,120kV_line,2.5,2500.0,10000
L0168,Langlois,Valleyfield,120kV_line,8.0,8000.0,20000
L0169,Carillon,Mirabel,120kV_line,34.125,34125.0,10000
L0170,Sainte-ThÃƒÂ©rÃƒÂ¨se-Ouest,Chomedey,120kV_line,10.5,10500.0,20000
L0171,Carillon,Sainte-ThÃƒÂ©rÃƒÂ¨se-Ouest,120kV_line,44.625,44625.0,10000
L0172,Carillon,La Trappe,120kV_line,39.375,39375.0,20000
L0173,La Trappe,Saint-Eustache,120kV_line,13.125,13125.0,10000
L0174,Goodyear Canada,Valleyfield,120kV_line,4.5,4500.0,20000
L0175,Saint-Chrysostome,Hemmingford,120kV_line,26.25,26250.0,10000
L0176,Saint-Louis,Saint-Chrysostome,120kV_line,36.75,36750.0,20000
L0177,Chomedey,Fleury,120kV_line,14.364,14364.0,10000
L0178,La Prairie,Saint-Maxime,120kV_line,10.5,10500.0,20000
L0179,Atwater,Guy,120kV_line,2.394,2394.0,10000
L0180,AdÃƒÂ©lard-Godbout,Dorchester,120kV_line,1.995,1995.0,20000
L0181,Beaumont,Dorchester,120kV_line,5.187,5187.0,10000
L0182,Beaumont,Fleury,120kV_line,3.99,3990.0,20000
L0183,Chomedey,Plouffe,120kV_line,5.586,5586.0,10000
L0184,Beauharnois-Ouest,Beauharnois-Est,120kV_line,1.0,1000.0,20000
L0185,ChÃƒÂ¢teauguay,Beauharnois-Ouest,120kV_line,11.5,11500.0,10000
L0186,Rosemont,BÃƒÂ©langer,120kV_line,4.788,4788.0,20000
L0187,Jeanne-dArc,De Lorimier,120kV_line,3.192,3192.0,10000
L0188,Amos,QuÃƒÂ©bec Lithium,120kV_line,34.9,34900.0,20000
L0189,QuÃƒÂ©bec Lithium,Val dOr,120kV_line,33.5,33500.0,10000
L0190,Notre-Dame-du-Nord,PremiÃƒÂ¨re Chute,120kV_line,5.7,5700.0,20000
L0191,Rouyn,Pandora,120kV_line,57.0,57000.0,10000
L0192,Louvicourt,Val dOr,120kV_line,22.8,22800.0,20000
L0193,Amos,Pandora,120kV_line,39.9,39900.0,10000
L0194,Rapide-7,Cadillac,120kV_line,45.6,45600.0,20000
L0195,Cadillac,Pandora,120kV_line,2.28,2280.0,10000
L0196,Rouyn,Mine Doyon,120kV_line,39.9,39900.0,20000
L0197,Mine Doyon,Pandora,120kV_line,17.1,17100.0,10000
L0198,Cadillac,Rapide-2,120kV_line,39.9,39900.0,20000
L0199,Rapide-2,Rapide-7,120kV_line,28.5,28500.0,10000
L0200,Senneterre,Boralex,120kV_line,1.14,1140.0,20000
L0201,Amos,Saint-Blaise,120kV_line,28.5,28500.0,10000
L0202,Saint-Blaise,Senneterre,120kV_line,34.2,34200.0,20000
L0203,Palmarolle,Reneault,120kV_line,39.9,39900.0,10000
L0204,Reneault,Rouyn,120kV_line,22.8,22800.0,20000
L0205,Amos,Coigny,120kV_line,68.4,68400.0,10000
L0206,Poirier,Joutel,120kV_line,11.4,11400.0,20000
L0207,Coigny,Poirier,120kV_line,45.6,45600.0,10000
L0208,Rouyn,Mines Agnico-Eagle LimitÃƒÂ©e,120kV_line,45.6,45600.0,20000
L0209,Mines Agnico-Eagle LimitÃƒÂ©e,Pandora,120kV_line,11.4,11400.0,10000
L0210,Rouyn,Rapides-des-Iles,120kV_line,78.0,78000.0,20000
L0211,PremiÃƒÂ¨re Chute,Rapides-des-Iles,120kV_line,11.4,11400.0,10000
L0212,Malartic-2,Cadillac,120kV_line,15.4,15400.0,20000
L0213,Malartic-2,Goldex,120kV_line,22.0,22000.0,10000
L0214,Goldex,Val dOr,120kV_line,0.8,800.0,20000
L0215,Reneault,Abitibi Consolidated Amos,120kV_line,84.0,84000.0,10000
L0216,Abitibi Consolidated Amos,Amos,120kV_line,1.5,1500.0,20000
L0217,Rouyn,Reneault,120kV_line,22.8,22800.0,10000
L0218,Lorrainville,Kipawa,120kV_line,74.1,74100.0,20000
L0219,Temcell,Tembec Inc TÃƒÂ©miscaming,120kV_line,2.28,2280.0,10000
L0220,Kipawa,Temcell,120kV_line,2.28,2280.0,20000
L0221,Lorrainville,Rapides-des-Iles,120kV_line,22.8,22800.0,10000
L0222,Quevillon,Saint-Blaise,120kV_line,51.3,51300.0,20000
L0223,Saint-Blaise,Val dOr,120kV_line,74.1,74100.0,10000
L0224,Rapides-des-Iles,Rapides-des-Quinze,120kV_line,13.68,13680.0,20000
L0225,Rapides-des-Quinze,Rapide-7,120kV_line,74.1,74100.0,10000
L0226,Palmarolle,Normetal,120kV_line,34.2,34200.0,20000
L0227,Normetal,Mines Casa-Berardi,120kV_line,85.5,85500.0,10000
L0228,Mines Selbaie,Joutel,120kV_line,68.4,68400.0,20000
L0229,Matagami,Joutel,120kV_line,39.9,39900.0,10000
L0230,Chomedey,Mirabel,120kV_line,28.875,28875.0,20000
L0231,Chomedey,Sainte-ThÃƒÂ©rÃƒÂ¨se-Ouest,120kV_line,8.778,8778.0,10000
L0232,Chomedey,Saint-Eustache,120kV_line,10.374,10374.0,20000
L0233,MontÃƒÂ©rÃƒÂ©gie,Acton,120kV_line,26.25,26250.0,10000
L0234,Sainte-Agathe-des-Monts,Ouimet,120kV_line,17.1,17100.0,20000
L0235,Ouimet,Saint-Donat,120kV_line,39.9,39900.0,10000
L0236,Ouimet,Grand-BrulÃƒÂ©,120kV_line,11.4,11400.0,20000
L0237,LAnnonciation,Joly,120kV_line,22.8,22800.0,10000
L0238,Mont-Laurier,LAnnonciation,120kV_line,51.3,51300.0,20000
L0239,Joly,Ouimet,120kV_line,28.5,28500.0,10000
L0240,Maniwaki,Mont-Laurier,120kV_line,39.9,39900.0,20000
L0241,ChÃƒÂ¢teauguay,Beauharnois-Est,120kV_line,11.5,11500.0,10000
L0242,Vignan,Gatineau,120kV_line,3.85,3850.0,20000
L0243,Val-TÃƒÂ©treau,Lucerne,120kV_line,6.6,6600.0,10000
L0244,Lucerne,Rapides-Farmers,120kV_line,7.15,7150.0,20000
L0245,Touraine,Vignan,120kV_line,0.55,550.0,10000
L0246,Quyon,Wyman,120kV_line,11.4,11400.0,20000
L0247,Magog,Sherbrooke,120kV_line,18.375,18375.0,10000
L0248,Magog,B.O.C. Canada Inc,120kV_line,5.25,5250.0,20000
L0249,B.O.C. Canada Inc,EKA Chimie Canada Inc Magog,120kV_line,1.05,1050.0,10000
L0250,Sherbrooke,Magog,120kV_line,18.375,18375.0,20000
L0251,EKA Chimie Canada Inc Magog,Ville de Magog,120kV_line,1.575,1575.0,10000
L0252,Stukely,Magog,120kV_line,21.0,21000.0,20000
L0253,Cleveland,Waterloo,120kV_line,15.75,15750.0,10000
L0254,Cournoyer,BÃƒÂ©cancour,120kV_line,1.0,1000.0,20000
L0255,Cournoyer,Silicium-BÃƒÂ©cancour,120kV_line,0.5,500.0,10000
L0256,Cournoyer,Hydrogenal Inc,120kV_line,1.5,1500.0,20000
L0257,Hydrogenal Inc,P.C.I. Chimie Canada Inc,120kV_line,0.5,500.0,10000
L0258,P.C.I. Chimie Canada Inc,Viterra Inc.,120kV_line,0.5,500.0,20000
L0259,Parisville,BÃƒÂ©cancour,120kV_line,28.875,28875.0,10000
L0260,Villeroy,Parisville,120kV_line,21.0,21000.0,20000
L0261,Plessisville,Villeroy,120kV_line,23.625,23625.0,10000
L0262,Daveluyville,BÃƒÂ©cancour,120kV_line,26.25,26250.0,20000
L0263,Beauharnois-Est,Beauharnois-Ouest,120kV_line,1.0,1000.0,10000
L0264,Ville de Sherbrooke MassÃƒÂ©,Beaulieu,120kV_line,18.0,18000.0,20000
L0265,Beaulieu,Stanstead,120kV_line,60.375,60375.0,10000
L0266,Sherbrooke,Ville de Sherbrooke MassÃƒÂ©,120kV_line,3.0,3000.0,20000
L0267,Beaulieu,Coaticook,120kV_line,42.0,42000.0,10000
L0268,Coaticook,Sleeper et Akhurst,120kV_line,42.0,42000.0,20000
L0269,Joliette,Papiers-Scott Inc,120kV_line,7.875,7875.0,10000
L0270,Ramezay,Laurendeau,120kV_line,21.0,21000.0,20000
L0271,Ramezay,Magnan,120kV_line,36.75,36750.0,10000
L0272,Ramezay,Sainte-Ãƒâ€°mÃƒÂ©lie,120kV_line,21.0,21000.0,20000
L0273,Sainte-Ãƒâ€°mÃƒÂ©lie,Provost,120kV_line,39.9,39900.0,10000
L0274,Lavaltrie,LAssomption,120kV_line,10.5,10500.0,20000
L0275,LanaudiÃƒÂ¨re,Lavaltrie,120kV_line,10.5,10500.0,10000
L0276,Berthier,Lavaltrie,120kV_line,21.0,21000.0,20000
L0277,LAssomption,Saint-Sulpice,120kV_line,7.875,7875.0,10000
L0278,Joliette,Kildare,120kV_line,21.0,21000.0,20000
L0279,Duvernay,Groulx,120kV_line,15.75,15750.0,10000
L0280,Groulx,Sainte-Anne-des-Plaines,120kV_line,7.875,7875.0,20000
L0281,Petite-Nation,ChenÃƒÂ©ville,120kV_line,28.5,28500.0,10000
L0282,Papineauville,Petite-Nation,120kV_line,3.42,3420.0,20000
L0283,Beauceville,Saint-Joseph,120kV_line,10.5,10500.0,10000
L0284,Saint-Joseph,Sainte-Marie,120kV_line,23.625,23625.0,20000
L0285,Neubois,Sainte-Marie,120kV_line,21.0,21000.0,10000
L0286,Acton,Heriot,120kV_line,21.0,21000.0,20000
L0287,Heriot,Marcotte,120kV_line,5.25,5250.0,10000
L0288,Sainte-Rosalie,Acton,120kV_line,63.0,63000.0,20000
L0289,Granby,Leclerc,120kV_line,7.875,7875.0,10000
L0290,Leclerc,MontÃƒÂ©rÃƒÂ©gie,120kV_line,10.5,10500.0,20000
L0291,Saint-CÃƒÂ©saire,Iberville,120kV_line,28.875,28875.0,10000
L0292,Iberville,Saint-SÃƒÂ©bastien,120kV_line,23.625,23625.0,20000
L0293,Saint-CÃƒÂ©saire,Farnham,120kV_line,15.75,15750.0,10000
L0294,Farnham,Bedford,120kV_line,21.0,21000.0,20000
L0295,Saint-SÃƒÂ©bastien,Bedford,120kV_line,15.75,15750.0,10000
L0296,Sainte-Claire,ChaudiÃƒÂ¨re,120kV_line,34.125,34125.0,20000
L0297,Sainte-Claire,Neubois,120kV_line,21.0,21000.0,10000
L0298,Sainte-Claire,Saint-Lazare,120kV_line,10.5,10500.0,20000
L0299,Langlois,Les CÃƒÂ¨dres,120kV_line,3.0,3000.0,10000
L0300,PPG Canada Inc,LÃƒÂ©ry,120kV_line,1.0,1000.0,20000
L0301,Usine Beauharnois Alcan,PPG Canada Inc,120kV_line,0.2,200.0,10000
L0302,Beauharnois-Est,Usine Beauharnois Alcan,120kV_line,1.5,1500.0,20000
L0303,Beauharnois-Est,PPG Canada Inc,120kV_line,1.0,1000.0,10000
L0304,LÃƒÂ©ry,Beauharnois-Est,120kV_line,3.5,3500.0,20000
L0305,RiviÃƒÂ¨re-du-Loup,F.F. Soucy S.E.C.,120kV_line,4.0,4000.0,10000
L0306,F.F. Soucy S.E.C.,Grand-Portage,120kV_line,4.0,4000.0,20000
L0307,RiviÃƒÂ¨re-du-Loup,Grand-Portage,120kV_line,7.98,7980.0,10000
L0308,Saint-Alexandre,RiviÃƒÂ¨re-du-Loup,120kV_line,17.1,17100.0,20000
L0309,Saint-Pascal,Saint-Alexandre,120kV_line,22.8,22800.0,10000
L0310,La PocatiÃƒÂ¨re,Saint-Pascal,120kV_line,22.8,22800.0,20000
L0311,Sully JCT,Cabano,120kV_line,17.1,17100.0,10000
L0312,Cabano,Squatec,120kV_line,28.5,28500.0,20000
L0313,RiviÃƒÂ¨re-du-Loup,Sully JCT,120kV_line,34.2,34200.0,10000
L0314,RiviÃƒÂ¨re-du-Loup,Cabano,120kV_line,51.3,51300.0,20000
L0315,Amqui,Causapscal,120kV_line,17.1,17100.0,10000
L0316,Causapscal,Vents du Kempt,120kV_line,9.2,9200.0,20000
L0317,Sully JCT,Sully,120kV_line,28.5,28500.0,10000
L0318,Cabano,DÃƒÂ©gelis,120kV_line,22.8,22800.0,20000
L0319,Sayabec,Amqui,120kV_line,17.1,17100.0,10000
L0320,Les Boules,Sayabec,120kV_line,22.0,22000.0,20000
L0321,Uniboard Canada Inc,Amqui,120kV_line,17.1,17100.0,10000
L0322,Sayabec,Uniboard Canada Inc,120kV_line,0.8,800.0,20000
L0323,Beauceville,Beauceville-Est,120kV_line,2.625,2625.0,10000
L0324,Saint-Georges,Bolduc,120kV_line,26.25,26250.0,20000
L0325,Beauceville-Est,Saint-Georges,120kV_line,10.5,10500.0,10000
L0326,Bolduc,Saint-Robert-Bellarmin,120kV_line,17.5,17500.0,20000
L0327,Beauceville,East Broughton,120kV_line,18.375,18375.0,10000
L0328,Saint-Ãƒâ€°variste,Beauceville,120kV_line,36.75,36750.0,20000
L0329,Saint-Georges,LiniÃƒÂ¨re,120kV_line,15.96,15960.0,10000
L0330,Beauceville,Saint-Georges,120kV_line,15.75,15750.0,20000
L0331,Beauceville,Sainte-Germaine,120kV_line,27.36,27360.0,10000
L0332,RiviÃƒÂ¨re-du-Loup,Cacouna,120kV_line,11.4,11400.0,20000
L0333,Cacouna,Saint-ClÃƒÂ©ment,120kV_line,28.5,28500.0,10000
L0334,Jeanne-dArc,Longue-Pointe,120kV_line,4.788,4788.0,20000
L0335,De Lorimier,Notre-Dame,120kV_line,7.182,7182.0,10000
L0336,Langlois,Beauharnois-Ouest,120kV_line,9.0,9000.0,20000
L0337,Coleraine,Thetford,120kV_line,21.0,21000.0,10000
L0338,MÃƒÂ©gantic,Coleraine,120kV_line,52.5,52500.0,20000
L0339,La VÃƒÂ©rendrye,Parent,120kV_line,57.0,57000.0,10000
L0340,Thibaudeau,Leman,120kV_line,5.0,5000.0,20000
L0341,Des HÃƒÂªtres,Thibaudeau,120kV_line,1.5,1500.0,10000
L0342,Palmarolle,Abitibi Consolidated Amos,120kV_line,84.0,84000.0,20000
L0343,Quevillon,Domtar QuÃƒÂ©villon,120kV_line,28.5,28500.0,10000
L0344,Domtar QuÃƒÂ©villon,Mine Gonzague-Langlois,120kV_line,4.5,4500.0,20000
L0345,Saint-ClÃƒÂ©ment,Squatec,120kV_line,22.8,22800.0,10000
L0346,La Grande-1,Chisasibi,120kV_line,22.8,22800.0,20000
L0347,La Grande-1,Wemindji,120kV_line,79.8,79800.0,10000
L0348,Grand-BrulÃƒÂ©,Mont-Tremblant,120kV_line,14.0,14000.0,20000
L0349,Bois-Francs,Plessisville,120kV_line,26.25,26250.0,10000
L0350,Plessisville,Plessisville,120kV_line,26.25,26250.0,20000
L0351,Pierre-Le Gardeur,Repetigny,120kV_line,15.75,15750.0,10000
L0352,Terrebonne,Pierre-Le Gardeur,120kV_line,10.5,10500.0,20000
L0353,Sainte-Germaine,Massif-du-Sud,120kV_line,26.0,26000.0,10000
L0354,Sainte-Germaine,Daaquam,120kV_line,45.6,45600.0,20000
L0355,Cadillac,Mine Malartic,120kV_line,6.0,6000.0,10000
L0356,LAssomption,Pierre-Le Gardeur,120kV_line,15.0,15000.0,20000
L0357,Cleveland,Adamsville,120kV_line,8.4,8400.0,10000
L0358,Sainte-Agathe-des-Monts,Doc-Grignon,120kV_line,18.375,18375.0,20000
L0359,Saint-Sauveur,Doc-Grignon,120kV_line,10.5,10500.0,10000
L0360,Grand-BrulÃƒÂ©,Sainte-Agathe-des-Monts,120kV_line,40.0,40000.0,20000
L0361,Paugan,Gracefield,120kV_line,34.2,34200.0,10000
L0362,Gracefield,Maniwaki,120kV_line,34.2,34200.0,20000
L0363,Baie dUrfÃƒÂ©,Compass YUL II,120kV_line,10.374,10374.0,10000
L0364,RiviÃƒÂ¨re-Sainte-Anne,Copper Mountain,161kV_line,57.0,57000.0,20000
L0365,GoÃƒÂ©mon,RiviÃƒÂ¨re-Sainte-Anne,161kV_line,34.2,34200.0,10000
L0366,Copper Mountain,Micmac,161kV_line,91.2,91200.0,20000
L0367,Micmac,PercÃƒÂ©,161kV_line,34.2,34200.0,10000
L0368,GaspÃƒÂ©,PercÃƒÂ©,161kV_line,45.6,45600.0,20000
L0369,RiviÃƒÂ¨re-au-Renard,GaspÃƒÂ©,161kV_line,28.5,28500.0,10000
L0370,Micmac,GaspÃƒÂ©sia,161kV_line,7.98,7980.0,20000
L0371,Micmac,GaspÃƒÂ©,161kV_line,51.3,51300.0,10000
L0372,Alcoa,Hauterive,161kV_line,23.94,23940.0,20000
L0373,Hauterive,LaflÃƒÂ¨che,120kV_line,2.28,2280.0,10000
L0374,Hauterive,Manic-1,120kV_line,11.4,11400.0,20000
L0375,Manic-1,McCormick,120kV_line,2.28,2280.0,10000
L0376,Mont-Rothery,Mont-Copper,161kV_line,1.14,1140.0,20000
L0377,Mont-Copper,Mont-Miller,161kV_line,5.7,5700.0,10000
L0378,Copper Mountain,Mont-Rothery,161kV_line,4.56,4560.0,20000
L0379,CÃƒÂ´te-Nord,Alcoa,120kV_line,5.7,5700.0,10000
L0380,PentecÃƒÂ´te,Baie-TrinitÃƒÂ©,120kV_line,39.9,39900.0,20000
L0381,Godbout,CÃƒÂ´te-Nord,120kV_line,28.5,28500.0,10000
L0382,Baie-TrinitÃƒÂ©,Godbout,120kV_line,28.5,28500.0,20000
L0383,McCormick,Hauterive,120kV_line,3.42,3420.0,10000
L0384,Alcoa,McCormick,120kV_line,11.4,11400.0,20000
L0385,RiviÃƒÂ¨re-aux-Rochers,PentecÃƒÂ´te,120kV_line,39.9,39900.0,10000
L0386,Port Cartier,Companie-MiniÃƒÂ¨re-QuÃƒÂ©bec-Cartier,120kV_line,2.28,2280.0,20000
L0387,Companie-MiniÃƒÂ¨re-QuÃƒÂ©bec-Cartier,Katahdin PÃƒÂ¢te QuÃƒÂ©bec,120kV_line,2.28,2280.0,10000
L0388,Laure,Port Cartier,120kV_line,22.8,22800.0,20000
L0389,Katahdin PÃƒÂ¢te QuÃƒÂ©bec,RiviÃƒÂ¨re-aux-Rochers,120kV_line,5.7,5700.0,10000
L0390,Sept-ÃƒÅ½les,Iron-Ore-du-Canada,161kV_line,1.14,1140.0,20000
L0391,Arnaud,Laure,161kV_line,1.14,1140.0,10000
L0392,Laure,Sept-ÃƒÅ½les,161kV_line,22.8,22800.0,20000
L0393,Aluminerie Alouette,Laure,161kV_line,5.7,5700.0,10000
L0394,RiviÃƒÂ¨re-au-Tonnerre,Magpie,161kV_line,22.8,22800.0,20000
L0395,RiviÃƒÂ¨re-aux-Bouleaux,RiviÃƒÂ¨re-ÃƒÂ -la-Chaloupe,161kV_line,39.9,39900.0,10000
L0396,RiviÃƒÂ¨re-ÃƒÂ -la-Chaloupe,RiviÃƒÂ¨re-au-Tonnerre,161kV_line,17.1,17100.0,20000
L0397,Sept-ÃƒÅ½les,RiviÃƒÂ¨re-aux-Bouleaux,161kV_line,62.7,62700.0,10000
L0398,Roberval,CogÃƒÂ©nÃƒÂ©ration Saint-FÃƒÂ©licien,120kV_line,17.1,17100.0,20000
L0399,CogÃƒÂ©nÃƒÂ©ration Saint-FÃƒÂ©licien,Saint-FÃƒÂ©licien,120kV_line,5.7,5700.0,10000
L0400,Roberval,Desbiens,120kV_line,22.8,22800.0,20000
L0401,LIsle Maligne,Desbiens,120kV_line,37.8,37800.0,10000
L0402,Obalski,Corporation MiniÃƒÂ¨re Inmet,161kV_line,125.4,125400.0,20000
L0403,Obalski,Waconichi,161kV_line,57.0,57000.0,10000
L0404,Chapais,Chibougamau,120kV_line,17.1,17100.0,20000
L0405,Chibougamau,Obalski,120kV_line,22.8,22800.0,10000
L0406,Saint-FÃƒÂ©licien,Chigoubiche,161kV_line,68.4,68400.0,20000
L0407,Saint-FÃƒÂ©licien,Mistassini,161kV_line,28.5,28500.0,10000
L0408,LIsle Maligne,Abitibi Consolidated Alma,161kV_line,2.0,2000.0,20000
L0409,SFK PÃƒÂ¢te SENC,Normandin,161kV_line,7.98,7980.0,10000
L0410,Saint-FÃƒÂ©licien,SFK PÃƒÂ¢te SENC,161kV_line,7.98,7980.0,20000
L0411,Saint-FÃƒÂ©licien,Bowater Produits Forestiers,161kV_line,22.8,22800.0,10000
L0412,Bowater Produits Forestiers,Mistassini,161kV_line,5.7,5700.0,20000
L0413,Saguenay,Dubuc,161kV_line,22.4,22400.0,10000
L0414,Elkem Metal Canada,Dubuc,161kV_line,0.1,100.0,20000
L0415,Chicoutimi-Nord,Elkem Metal Canada,161kV_line,5.6,5600.0,10000
L0416,Saguenay,Chicoutimi,161kV_line,22.4,22400.0,20000
L0417,JonquiÃƒÂ¨re,Abitibi Consolidated KÃƒÂ©nogami,161kV_line,1.4,1400.0,10000
L0418,Saguenay,Cascades Canada Saguenay,161kV_line,7.0,7000.0,20000
L0419,Cascades Canada Saguenay,JonquiÃƒÂ¨re,161kV_line,5.6,5600.0,10000
L0420,Cascades Canada Saguenay,Junction 1646,161kV_line,20.0,20000.0,20000
L0421,Junction 1646,Saint-Ambroise,161kV_line,7.0,7000.0,10000
L0422,Abitibi Consolidated KÃƒÂ©nogami,Ville de Saguenay,161kV_line,2.8,2800.0,20000
L0423,Cascades Canada Saguenay,Junction 1647,161kV_line,7.0,7000.0,10000
L0424,Junction 1647,Saint-Ambroise,161kV_line,7.0,7000.0,20000
L0425,Saguenay,Du Portage,161kV_line,15.0,15000.0,10000
L0426,Niobec,Chicoutimi-Nord,161kV_line,11.2,11200.0,20000
L0427,Junction 1646,Niobec,161kV_line,4.2,4200.0,10000
L0428,Junction 1646,Simard,161kV_line,4.2,4200.0,20000
L0429,Junction 1647,Chicoutimi-Nord,161kV_line,15.4,15400.0,10000
L0430,Junction 1647,Simard,161kV_line,4.2,4200.0,20000
L0431,Simard,PÃƒÂ©ribonka,161kV_line,108.3,108300.0,10000
L0432,Laure,Pointe-Noire,161kV_line,5.7,5700.0,20000
L0433,Romaine-1,Johan-Beetz,120kV_line,31.92,31920.0,10000
L0434,Johan-Beetz,Natashquan,120kV_line,62.7,62700.0,20000
L0435,Havre-Saint-Pierre,Romaine-1,120kV_line,31.92,31920.0,10000
L0436,RiviÃƒÂ¨re-au-Renard,Anse-ÃƒÂ -Valleau,161kV_line,11.4,11400.0,20000
L0437,Anse-ÃƒÂ -Valleau,Montagne-SÃƒÂ¨che,161kV_line,17.1,17100.0,10000
L0438,Montagne-SÃƒÂ¨che,Grande VallÃƒÂ©e,161kV_line,17.1,17100.0,20000
L0439,Magpie,Havre-Saint-Pierre,161kV_line,62.7,62700.0,10000
L0440,Lac-Hope,Hart-Jaune,120kV_line,78.0,78000.0,20000
L0441,Normand,Lac-Hope,120kV_line,125.4,125400.0,10000
L0442,Chute-Allard,Rapide-des-Coeurs,230kV_line,22.8,22800.0,20000
L0443,Rapide-des-Coeurs,Rapide-Blanc,230kV_line,28.5,28500.0,10000
L0444,Sherbrooke,Des Cantons,230kV_line,21.0,21000.0,20000
L0445,LÃƒÂ©vis,Bourget,230kV_line,11.4,11400.0,10000
L0446,Bourget,La Durantaye,230kV_line,22.8,22800.0,20000
L0447,La Durantaye,Montmagny,230kV_line,28.5,28500.0,10000
L0448,Trois-Pistoles,Rimouski,230kV_line,57.0,57000.0,20000
L0449,RiviÃƒÂ¨re-du-Loup,Trois-Pistoles,230kV_line,39.9,39900.0,10000
L0450,Sorel,Qit-Fer-et-Titane,230kV_line,1.0,1000.0,20000
L0451,Saint-Basile,Boucherville,230kV_line,13.125,13125.0,10000
L0452,Saint-CÃƒÂ©saire,Saint-Basile,230kV_line,28.875,28875.0,20000
L0453,Varennes,Sorel-Sud,230kV_line,47.25,47250.0,10000
L0454,Boucherville,Varennes,230kV_line,13.125,13125.0,20000
L0455,Sidbec-Dosco,Carignan,230kV_line,18.375,18375.0,10000
L0456,Varennes,Mittal Canada Inc Contrecoeur,230kV_line,18.375,18375.0,20000
L0457,Mittal Canada Inc Contrecoeur,Sidbec-Dosco,230kV_line,4.2,4200.0,10000
L0458,LIsle Maligne,Alma,230kV_line,5.7,5700.0,20000
L0459,Alma,Charlesbourg,230kV_line,216.6,216600.0,10000
L0460,Charlesbourg,QuÃƒÂ©bec,230kV_line,9.12,9120.0,20000
L0461,Varennes,PÃƒÂ©tremont Inc,230kV_line,1.05,1050.0,10000
L0462,Rouville,Boucherville,230kV_line,18.375,18375.0,20000
L0463,Saint-CÃƒÂ©saire,Rouville,230kV_line,23.625,23625.0,10000
L0464,Thetford,Appalaches,230kV_line,7.875,7875.0,20000
L0465,QuÃƒÂ©bec,La SuÃƒÂ¨te,230kV_line,8.0,8000.0,10000
L0466,Trenche,Trois-RiviÃƒÂ¨res,230kV_line,159.6,159600.0,20000
L0467,Carignan,Sorel,230kV_line,8.6,8600.0,10000
L0468,ChaudiÃƒÂ¨re,LÃƒÂ©vis,230kV_line,10.0,10000.0,20000
L0469,Trois-RiviÃƒÂ¨res,Cap-de-la-Madeleine,230kV_line,7.0,7000.0,10000
L0470,Chenaux,Trois-RiviÃƒÂ¨res,230kV_line,5.0,5000.0,20000
L0471,Sorel,Sorel-Sud,230kV_line,8.0,8000.0,10000
L0472,Laurentides,QuÃƒÂ©bec,230kV_line,7.0,7000.0,20000
L0473,Saint-Ulric-Saint-LÃƒÂ©andre,Le Nordais-1,230kV_line,5.7,5700.0,10000
L0474,Le Nordais-1,Matane,230kV_line,5.7,5700.0,20000
L0475,Les Boules,Saint-Ulric-Saint-LÃƒÂ©andre,230kV_line,22.8,22800.0,10000
L0476,Matane,GoÃƒÂ©mon,230kV_line,68.4,68400.0,20000
L0477,Spruce Falls Inc,Matane,230kV_line,5.7,5700.0,10000
L0478,Les Boules,Spruce Falls Inc,230kV_line,28.5,28500.0,20000
L0479,Des HÃƒÂªtres,Alcan Usine Shawinigan,230kV_line,2.5,2500.0,10000
L0480,BÃƒÂ©cancour,Trans Canada Ãƒâ€°nergie,230kV_line,4.0,4000.0,20000
L0481,Mauricie,La Gabelle,230kV_line,10.0,10000.0,10000
L0482,Le Nordais-2,GoÃƒÂ©mon,230kV_line,11.4,11400.0,20000
L0483,Matane,Le Nordais-2,230kV_line,58.0,58000.0,10000
L0484,PaspÃƒÂ©biac,CascapÃƒÂ©dia,230kV_line,39.9,39900.0,20000
L0485,Micmac,PaspÃƒÂ©biac,230kV_line,57.0,57000.0,10000
L0486,Micmac,GaspÃƒÂ©sia,230kV_line,7.98,7980.0,20000
L0487,BÃƒÂ©cancour,Aluminerie-de-BÃƒÂ©cancour,230kV_line,2.5,2500.0,10000
L0488,Sorel,Francheville,230kV_line,63.0,63000.0,20000
L0489,Francheville,Trois-RiviÃƒÂ¨res,230kV_line,2.625,2625.0,10000
L0490,New Richmond,CascapÃƒÂ©dia,230kV_line,10.1,10100.0,20000
L0491,Beaumont GS,MÃƒÂ©kanic,230kV_line,92.5,92500.0,10000
L0492,MÃƒÂ©kanic,Trois-RiviÃƒÂ¨res,230kV_line,50.0,50000.0,20000
L0493,Heriot,Nicolet,230kV_line,42.0,42000.0,10000
L0494,La SuÃƒÂ¨te,ChaudiÃƒÂ¨re,230kV_line,12.0,12000.0,20000
L0495,Laurentides,La SuÃƒÂ¨te,230kV_line,10.0,10000.0,10000
L0496,La Tuque,Emballages-Smurfit-Stone La Tuque,230kV_line,91.2,91200.0,20000
L0497,Des HÃƒÂªtres,La Tuque,230kV_line,2.28,2280.0,10000
L0498,Mauricie,Des HÃƒÂªtres,230kV_line,17.0,17000.0,20000
L0499,Trois-RiviÃƒÂ¨res,Mauricie,230kV_line,16.0,16000.0,10000
L0500,Thetford,Antoine-Lemieux,230kV_line,7.875,7875.0,20000
L0501,Thetford,Beauceville,230kV_line,55.125,55125.0,10000
L0502,Nicolet,Kingsey,230kV_line,34.125,34125.0,20000
L0503,Rapide-Blanc,Des HÃƒÂªtres,230kV_line,153.9,153900.0,10000
L0504,Nicolet,BÃƒÂ©cancour,230kV_line,42.0,42000.0,20000
L0505,BÃƒÂ©cancour,BÃƒÂ©cancour GS,230kV_line,7.5,7500.0,10000
L0506,MÃƒÂ©tallurgie Magnola Inc,Kingsey,230kV_line,13.125,13125.0,20000
L0507,Trois-RiviÃƒÂ¨res,BÃƒÂ©cancour,230kV_line,30.0,30000.0,10000
L0508,Rimouski,Jules-A.-Brillant,230kV_line,5.7,5700.0,20000
L0509,Mont-Joli,Les Boules,230kV_line,17.1,17100.0,10000
L0510,Jules-A.-Brillant,Mont-Joli,230kV_line,22.8,22800.0,20000
L0511,Trois-RiviÃƒÂ¨res,Kruger Inc Trois-RiviÃƒÂ¨res,230kV_line,7.0,7000.0,10000
L0512,Saint-Ulric-Saint-LÃƒÂ©andre,Le Nordais-2,230kV_line,5.7,5700.0,20000
L0513,Rimouski,Les Boules,230kV_line,39.9,39900.0,10000
L0514,LAnse Pleureuse,Gros-Morne,230kV_line,11.4,11400.0,20000
L0515,Mont-Louis,LAnse Pleureuse,230kV_line,5.7,5700.0,10000
L0516,GoÃƒÂ©mon,Mont-Louis,230kV_line,68.4,68400.0,20000
L0517,Mont-Louis,Gros-Morne,230kV_line,17.1,17100.0,10000
L0518,CascapÃƒÂ©dia,Carleton,230kV_line,34.2,34200.0,20000
L0519,Carleton,MatapÃƒÂ©dia,230kV_line,62.7,62700.0,10000
L0520,Beauceville,LÃƒÂ©vis,230kV_line,65.625,65625.0,20000
L0521,Outaouais,Masson-Sud,230kV_line,13.75,13750.0,10000
L0522,Charlesbourg,Frontenac-1,230kV_line,3.5,3500.0,20000
L0523,Laurentides,Charlesbourg,230kV_line,3.5,3500.0,10000
L0524,Limoilou,Compagnie Papiers Stadacona S.E.C.,230kV_line,0.8,800.0,20000
L0525,QuÃƒÂ©bec,Limoilou,230kV_line,5.0,5000.0,10000
L0526,Bersimis-1,Laurentides,315kV_line,387.6,387600.0,20000
L0527,Bout-de-lÃƒÅ½le,LanaudiÃƒÂ¨re,315kV_line,47.25,47250.0,10000
L0528,LanaudiÃƒÂ¨re,Mauricie,315kV_line,84.0,84000.0,20000
L0529,Laurentides,Anne-HÃƒÂ©bert,315kV_line,21.0,21000.0,10000
L0530,Saint-Bruno-de-Montarville,Boucherville,315kV_line,18.375,18375.0,20000
L0531,La Prairie,Brossard,315kV_line,5.25,5250.0,10000
L0532,Brossard,Saint-Bruno-de-Montarville,315kV_line,5.25,5250.0,20000
L0533,Bersimis-2,Bersimis-1,315kV_line,34.2,34200.0,10000
L0534,Bersimis-2,Hauterive,315kV_line,62.7,62700.0,20000
L0535,Manicouagan,Hauterive,315kV_line,11.4,11400.0,10000
L0536,Les Basques,Charlevoix,315kV_line,102.6,102600.0,20000
L0537,Bersimis-2,Les Basques,315kV_line,148.2,148200.0,10000
L0538,Mauricie,LanaudiÃƒÂ¨re,315kV_line,78.75,78750.0,20000
L0539,Lachenaie,Bout-de-lÃƒÅ½le,315kV_line,7.875,7875.0,10000
L0540,Pierre-Le Gardeur,Lachenaie,315kV_line,7.875,7875.0,20000
L0541,LanaudiÃƒÂ¨re,Pierre-Le Gardeur,315kV_line,39.375,39375.0,10000
L0542,Saint-Michel,Anjou,315kV_line,4.0,4000.0,20000
L0543,Henri-Bourassa,Bout-de-lÃƒÅ½le,315kV_line,6.65,6650.0,10000
L0544,Fleury,Charland,120kV_line,2.394,2394.0,20000
L0545,MontrÃƒÂ©al-Est,Henri-Bourassa,315kV_line,1.33,1330.0,10000
L0546,Anjou,MontrÃƒÂ©al-Est,315kV_line,10.0,10000.0,20000
L0547,Charland,Saint-Michel,315kV_line,4.0,4000.0,10000
L0548,Bout-de-lÃƒÅ½le,Boucherville,315kV_line,3.192,3192.0,20000
L0549,Les Basques,Baie-Saint-Paul,315kV_line,136.8,136800.0,10000
L0550,Manicouagan,Manic-2,315kV_line,7.98,7980.0,20000
L0551,Hauterive,Outardes-2,315kV_line,5.7,5700.0,10000
L0552,Manic-3,Micoua,315kV_line,9.12,9120.0,20000
L0553,Outardes-3,Manicouagan,315kV_line,34.2,34200.0,10000
L0554,Micoua,Manic-5,315kV_line,114.0,114000.0,20000
L0555,Micoua,Manic-5A,315kV_line,114.0,114000.0,10000
L0556,Micoua,Outardes-4,315kV_line,11.4,11400.0,20000
L0557,Normand,Lac Bloom,315kV_line,3.42,3420.0,10000
L0558,Lac Bloom,Montagnais,315kV_line,143.64,143640.0,20000
L0559,Chomedey,Blainville,315kV_line,15.75,15750.0,10000
L0560,Blainville,ChÃƒÂ©nier,315kV_line,13.125,13125.0,20000
L0561,Viger,Guy,315kV_line,2.394,2394.0,10000
L0562,Roussillon,Hertel,315kV_line,5.25,5250.0,20000
L0563,Aqueduc,Roussillon,315kV_line,15.96,15960.0,10000
L0564,Sources,Saint-Jean,315kV_line,2.793,2793.0,20000
L0565,Duvernay,Saraguay,315kV_line,21.546,21546.0,10000
L0566,Saraguay,Sources,315kV_line,4.788,4788.0,20000
L0567,Duvernay,Le Corbusier,315kV_line,7.182,7182.0,10000
L0568,Le Corbusier,Saraguay,315kV_line,14.364,14364.0,20000
L0569,Le Corbusier,Chomedey,315kV_line,7.182,7182.0,10000
L0570,Petite-Nation,ChÃƒÂ©nier,315kV_line,79.8,79800.0,20000
L0571,Outaouais,Petite-Nation,315kV_line,33.0,33000.0,10000
L0572,Patriotes,ChÃƒÂ©nier,315kV_line,21.0,21000.0,20000
L0573,Chomedey,Patriotes,315kV_line,36.75,36750.0,10000
L0574,Boucherville,Du Tremblay,315kV_line,2.625,2625.0,20000
L0575,Du Tremblay,Notre-Dame,315kV_line,7.875,7875.0,10000
L0576,ChÃƒÂ©nier,Lafontaine,315kV_line,21.0,21000.0,20000
L0577,Du Tremblay,Mittal Canada Inc,315kV_line,2.1,2100.0,10000
L0578,Mittal Canada Inc,Notre-Dame,315kV_line,6.3,6300.0,20000
L0579,Hertel,La Prairie,315kV_line,2.625,2625.0,10000
L0580,Viger,Hertel,315kV_line,15.75,15750.0,20000
L0581,Jacques-Cartier,Leneuf,315kV_line,13.125,13125.0,10000
L0582,Laurentides,NeufchÃƒÂ¢tel,315kV_line,6.0,6000.0,20000
L0583,Duvernay,LanaudiÃƒÂ¨re,315kV_line,47.25,47250.0,10000
L0584,Duvernay,Anjou,315kV_line,8.0,8000.0,20000
L0585,Anjou,Langelier,315kV_line,2.4,2400.0,10000
L0586,Langelier,Notre-Dame,315kV_line,4.788,4788.0,20000
L0587,Saint-Patrick,Atwater,315kV_line,0.399,399.0,10000
L0588,Viger,Saint-Patrick,315kV_line,2.793,2793.0,20000
L0589,Aqueduc,Atwater,315kV_line,6.384,6384.0,10000
L0590,Saint-Patrick,Des Irlandais,315kV_line,0.399,399.0,20000
L0591,Atwater,Saint-Patrick,315kV_line,2.394,2394.0,10000
L0592,Des Irlandais,Viger,315kV_line,0.399,399.0,20000
L0593,LÃƒÂ©vis,Kamouraska,315kV_line,136.8,136800.0,10000
L0594,Kamouraska,RiviÃƒÂ¨re-du-loup,315kV_line,39.9,39900.0,20000
L0595,LÃƒÂ©vis,Kamouraska_SCS,315kV_line,136.8,136800.0,10000
L0596,Kamouraska_SCS,RiviÃƒÂ¨re-du-loup,315kV_line,39.9,39900.0,20000
L0597,RiviÃƒÂ¨re-du-loup,Rimouski,315kV_line,91.2,91200.0,10000
L0598,RiviÃƒÂ¨re-du-loup,Madawaska,315kV_line,79.8,79800.0,20000
L0599,LÃƒÂ©ry,ChÃƒÂ¢teauguay,315kV_line,5.0,5000.0,10000
L0600,NeufchÃƒÂ¢tel,Anne-HÃƒÂ©bert,315kV_line,18.0,18000.0,20000
L0601,Rimouski,Le Plateau,315kV_line,85.4,85400.0,10000
L0602,Le Plateau,MatapÃƒÂ©dia,315kV_line,40.0,40000.0,20000
L0603,Rimouski,Lac-Alfred,315kV_line,74.1,74100.0,10000
L0604,Lac-Alfred,MatapÃƒÂ©dia,315kV_line,51.3,51300.0,20000
L0605,Langlois,ChÃƒÂ¢teauguay,315kV_line,17.0,17000.0,10000
L0606,QuÃƒÂ©bec,Frontenac-1,315kV_line,0.5,500.0,20000
L0607,Laurentides,QuÃƒÂ©bec,315kV_line,7.0,7000.0,10000
L0608,QuÃƒÂ©bec,Frontenac-2,315kV_line,0.5,500.0,20000
L0609,RiviÃƒÂ¨re-du-Moulin,Laurentides,345kV_line,136.8,136800.0,10000
L0610,Delisle,RiviÃƒÂ¨re-du-Moulin,345kV_line,79.8,79800.0,20000
L0611,Frontenac-1,Frontenac-2,315kV_line,0.5,500.0,10000
L0612,Chomedey,Saraguay,315kV_line,7.182,7182.0,20000
L0613,Jacques-Cartier,Mauricie,315kV_line,84.0,84000.0,10000
L0614,Leneuf,Mauricie,315kV_line,73.5,73500.0,20000
L0615,Alain-Grandbois,Mauricie,315kV_line,47.25,47250.0,10000
L0616,Jacques-Cartier,Duchesnay,315kV_line,21.0,21000.0,20000
L0617,Duchesnay,Laurentides,315kV_line,15.75,15750.0,10000
L0618,Jacques-Cartier,Deschambault,315kV_line,28.875,28875.0,20000
L0619,Alcoa-Aluminierie de Deschambault SENC,Alain-Grandbois,315kV_line,15.75,15750.0,10000
L0620,Deschambault,Alcoa-Aluminierie de Deschambault SENC,315kV_line,1.05,1050.0,20000
L0621,Deschambault,Jacques-Cartier,315kV_line,18.375,18375.0,10000
L0622,Jacques-Cartier,NeufchÃƒÂ¢tel,315kV_line,26.25,26250.0,20000
L0623,Sainte-Marguerite-1,Arnaud,315kV_line,2.28,2280.0,10000
L0624,Sainte-Marguerite-2,Sainte-Marguerite-1,315kV_line,2.28,2280.0,20000
L0625,Sainte-Marguerite-3,Sainte-Marguerite-2,315kV_line,57.0,57000.0,10000
L0626,Outaouais,Vignan,315kV_line,28.6,28600.0,20000
L0627,ChÃƒÂ©nier,Outaouais,315kV_line,108.3,108300.0,10000
L0628,Manic-3,Toulnustouc,315kV_line,45.6,45600.0,20000
L0629,Romaine-2,Romaine-1,315kV_line,39.9,39900.0,10000
L0630,Arnaud,Murailles,315kV_line,239.4,239400.0,20000
L0631,Romaine-4,Romaine-3,315kV_line,34.0,34000.0,10000
L0632,Montagnais,Romaine-4,315kV_line,172.0,172000.0,20000
L0633,Murailles,Romaine-2,315kV_line,0.2,200.0,10000
L0634,Waswanipi,Lebel,315kV_line,34.2,34200.0,20000
L0635,Abitibi,Waswanipi,315kV_line,108.3,108300.0,10000
L0636,La Grande-1,Radisson,315kV_line,57.0,57000.0,20000
L0637,Figuery,Lebel,315kV_line,96.9,96900.0,10000
L0638,La Grande-2A,Radisson,315kV_line,11.4,11400.0,20000
L0639,Brisay,Laforge-2,315kV_line,62.7,62700.0,10000
L0640,Nikamo,Laforge-2,315kV_line,108.3,108300.0,20000
L0641,Nikamo,Laforge-1,315kV_line,5.7,5700.0,10000
L0642,Nikamo,Tilly,315kV_line,79.8,79800.0,20000
L0643,Nemiscau,Eastmain-1,315kV_line,47.88,47880.0,10000
L0644,Le FranÃƒÂ§ois,Beauport,315kV_line,13.4,13400.0,20000
L0645,Beauport,Laurentides,315kV_line,11.4,11400.0,10000
L0646,BeauprÃƒÂ©,Le FranÃƒÂ§ois,315kV_line,23.625,23625.0,20000
L0647,Charlevoix,Baie-Saint-Paul,315kV_line,34.2,34200.0,10000
L0648,Seigneurie de BeauprÃƒÂ©,BeauprÃƒÂ©,315kV_line,22.8,22800.0,20000
L0649,Baie-Saint-Paul,Seigneurie de BeauprÃƒÂ©,315kV_line,34.2,34200.0,10000
L0650,Baie-Saint-Paul,BeauprÃƒÂ©,315kV_line,57.0,57000.0,20000
L0651,Sarcelle,Eastmain-1,315kV_line,79.8,79800.0,10000
L0652,Dorchester,De Lorimier,315kV_line,2.394,2394.0,20000
L0653,Viger,Dorchester,315kV_line,3.192,3192.0,10000
L0654,Viger,De Lorimier,315kV_line,5.586,5586.0,20000
L0655,Jean-R Marcotte,Duvernay,315kV_line,13.965,13965.0,10000
L0656,Bout-de-lÃƒÅ½le,Jean-R Marcotte,315kV_line,1.33,1330.0,20000
L0657,Bout-de-lÃƒÅ½le,Duvernay,315kV_line,14.364,14364.0,10000
L0658,Rapide-Blanc,Grondines,450kV_line,148.2,148200.0,20000
L0659,Radisson,Rapide-Blanc,450kV_line,687.42,687420.0,10000
L0660,Grondines,LotbiniÃƒÂ¨re,450kV_line,5.7,5700.0,20000
L0661,LotbiniÃƒÂ¨re,Nicolet,450kV_line,68.4,68400.0,10000
L0662,Nicolet,Des Cantons,450kV_line,79.8,79800.0,20000
L0663,Carignan,Jacques-Cartier,735kV_line,183.75,183750.0,10000
L0664,PÃƒÂ©rigny,Laurentides,735kV_line,159.6,159600.0,20000
L0665,Outardes,PÃƒÂ©rigny,735kV_line,206.34,206340.0,10000
L0666,Nicolet,LÃƒÂ©vis,735kV_line,115.5,115500.0,20000
L0667,Hertel,Boucherville,735kV_line,26.25,26250.0,10000
L0668,Boucherville,Nicolet,735kV_line,115.5,115500.0,20000
L0669,Manicouagan,Bergeronnes,735kV_line,131.1,131100.0,10000
L0670,Bergeronnes,LÃƒÂ©vis,735kV_line,217.74,217740.0,20000
L0671,Boucherville,Bout-de-lÃƒÅ½le,735kV_line,15.75,15750.0,10000
L0672,Laurentides,LÃƒÂ©vis,735kV_line,30.0,30000.0,20000
L0673,Outardes,Manicouagan,735kV_line,47.88,47880.0,10000
L0674,Boucherville,Carignan,735kV_line,52.5,52500.0,20000
L0675,La VÃƒÂ©rendrye,Duvernay,735kV_line,229.14,229140.0,10000
L0676,Jacques-Cartier,Bout-de-lÃƒÅ½le,735kV_line,223.44,223440.0,20000
L0677,Jacques-Cartier,Saguenay,735kV_line,165.3,165300.0,10000
L0678,Micoua,Saguenay,735kV_line,229.14,229140.0,20000
L0679,Jacques-Cartier,Laurentides,735kV_line,28.5,28500.0,10000
L0680,Jacques-Cartier,Chamouchouane,735kV_line,194.94,194940.0,20000
L0681,Saguenay,Chamouchouane,735kV_line,114.0,114000.0,10000
L0682,Arnaud,Manic-3,735kV_line,136.8,136800.0,20000
L0683,Arnaud,Manicouagan,735kV_line,153.9,153900.0,10000
L0684,Montagnais,Arnaud,735kV_line,217.74,217740.0,20000
L0685,ChÃƒÂ¢teauguay,Hertel,735kV_line,52.5,52500.0,10000
L0686,ChÃƒÂ¢teauguay,ChÃƒÂ©nier,735kV_line,99.75,99750.0,20000
L0687,La VÃƒÂ©rendrye,ChÃƒÂ©nier,735kV_line,239.4,239400.0,10000
L0688,La VÃƒÂ©rendrye,Grand-BrulÃƒÂ©,735kV_line,159.6,159600.0,20000
L0689,Judith-Jasmin,ChÃƒÂ©nier,735kV_line,31.5,31500.0,10000
L0690,Duvernay,Judith-Jasmin,735kV_line,10.5,10500.0,20000
L0691,Grand-BrulÃƒÂ©,ChÃƒÂ©nier,735kV_line,79.8,79800.0,10000
L0692,MontÃƒÂ©rÃƒÂ©gie,Des Cantons,735kV_line,73.5,73500.0,20000
L0693,Hertel,MontÃƒÂ©rÃƒÂ©gie,735kV_line,78.75,78750.0,10000
L0694,Le Moyne,Tilly,735kV_line,102.6,102600.0,20000
L0695,Le Moyne,Chissibi,735kV_line,96.9,96900.0,10000
L0696,Albanel,Chissibi,735kV_line,234.84,234840.0,20000
L0697,La Grande-2,Chissibi,735kV_line,136.8,136800.0,10000
L0698,La Grande-2,Nemiscau,735kV_line,240.54,240540.0,20000
L0699,Radisson,Nemiscau,735kV_line,246.24,246240.0,10000
L0700,Chissibi,La Grande-3,735kV_line,2.28,2280.0,20000
L0701,Le Moyne,Albanel,735kV_line,194.94,194940.0,10000
L0702,Tilly,La Grande-4,735kV_line,2.28,2280.0,20000
L0703,Albanel,Chibougamau,735kV_line,212.04,212040.0,10000
L0704,Albanel,Nemiscau,735kV_line,34.2,34200.0,20000
L0705,Abitibi,Nemiscau,735kV_line,251.94,251940.0,10000
L0706,Chamouchouane,Chibougamau,735kV_line,171.0,171000.0,20000
L0707,La Grande-2,Radisson,735kV_line,11.4,11400.0,10000
L0708,Abitibi,Chibougamau,735kV_line,57.0,57000.0,20000
L0709,Abitibi,La VÃƒÂ©rendrye,735kV_line,240.54,240540.0,10000
L0710,MÃƒÂ©tallurgie Magnola Inc,Appalaches,735kV_line,78.75,78750.0,20000
L0711,Des Cantons,MÃƒÂ©tallurgie Magnola Inc,735kV_line,18.375,18375.0,10000
L0712,MÃƒÂ©tallurgie Magnola Inc,Nicolet,735kV_line,57.75,57750.0,20000
L0713,Appalaches,LÃƒÂ©vis,735kV_line,84.0,84000.0,10000
L0714,IREQ,Boucherville,735kV_line,1.05,1050.0,20000
L0715,Outardes,Micoua,735kV_line,7.98,7980.0,10000
L0716,Duvernay,Bout-de-lÃƒÅ½le,735kV_line,13.125,13125.0,20000
L0717,Chamouchouane,Judith-Jasmin,735kV_line,367.08,367080.0,10000
L0718,Romaine-3,Romaine-4,735kV_line,31.92,31920.0,20000
L0719,Romaine-4,Montagnais,735kV_line,175.56,175560.0,10000
L0720,Rapides-des-Iles,Notre-Dame-du-Nord,120kV_line,11.4,11400.0,20000
L0721,Chute-ÃƒÂ -Caron,Shipshaw,161kV_line,2.8,2800.0,10000
L0722,Shipshaw,Usine JonquiÃƒÂ¨re,161kV_line,2.8,2800.0,20000
L0723,LIsle Maligne,Chute-ÃƒÂ -Caron,161kV_line,30.8,30800.0,10000
L0724,LIsle Maligne,Usine Alma,161kV_line,2.8,2800.0,20000
L0725,LIsle Maligne,Usine JonquiÃƒÂ¨re,161kV_line,38.0,38000.0,10000
L0726,Chute-du-diable,LIsle Maligne,161kV_line,22.4,22400.0,20000
L0727,Chute-ÃƒÂ -la-Savane,LÃƒÅ½le,161kV_line,16.8,16800.0,10000
L0728,LÃƒÅ½le,LIsle Maligne,161kV_line,8.4,8400.0,20000
L0729,Mistassini,Chute-ÃƒÂ -la-Savane,161kV_line,28.5,28500.0,10000
L0730,Chute-des-Passes,Delisle,315kV_line,136.8,136800.0,20000
L0731,Usine JonquiÃƒÂ¨re,Du Portage,161kV_line,16.0,16000.0,10000
L0732,Usine JonquiÃƒÂ¨re,Port-Alfred,161kV_line,23.0,23000.0,20000
L0733,Usine JonquiÃƒÂ¨re,AluminiÃƒÂ¨re Grande-Baie Alcan,161kV_line,23.0,23000.0,10000
L0734,AluminiÃƒÂ¨re Grande-Baie Alcan,La Baie,161kV_line,0.28,280.0,20000
L0735,Masson-Nord,Interconnexion-Maclaren,120kV_line,0.88,880.0,10000
L0736,Papier Masson Inc,Masson-Nord,120kV_line,1.1,1100.0,20000
